/* DELETE FROM products WHERE product_id > 0; */ 

use project ;

INSERT INTO customers (customer_id, full_name, email, city, registered_date) VALUES
(1, 'Stephanie Jackson', 'banthony@perez.net', 'North Lindafort', '2024-06-03'),
(2, 'Sara Wagner', 'tammy63@garcia-jimenez.com', 'West Julieburgh', '2024-05-31'),
(3, 'Christopher Ferguson', 'ohall@knapp-daniels.org', 'Englishhaven', '2024-06-04'),
(4, 'Mariah Hughes', 'horntimothy@walker.com', 'Arroyoburgh', '2025-05-21'),
(5, 'Marcia Fields', 'angela51@gmail.com', 'Angelaland', '2024-07-25'),
(6, 'Jose Morales', 'scott87@simmons-clark.com', 'New Donnaborough', '2023-08-27'),
(7, 'Denise Tate', NULL, 'Smithmouth', '2023-07-15'),
(8, 'Amanda Park', 'gonzalezkatie@gmail.com', 'Edwardborough', '2025-01-09'),
(9, 'Penny Wood', 'megan98@gmail.com', 'Ramosshire', '2024-07-06'),
(10, NULL, 'angelaroberts@cowan.com', 'Travisburgh', '2023-10-06'),
(11, 'Mary Gilbert', 'anna46@gmail.com', 'Lake Michaelport', '2023-08-24'),
(12, 'Crystal Rocha', 'tanya96@hotmail.com', 'Port Edward', '2024-10-02'),
(13, 'Jorge Herman', 'nicholsbryan@gmail.com', 'Melissafort', '2025-02-11'),
(14, 'Donald Martinez', NULL, 'New Jesse', '2024-11-24'),
(15, 'Kevin Mccarty', 'brownbrenda@coleman.com', 'West Benjamin', '2025-03-19'),
(16, 'Andrew Carpenter', 'martinkayla@burke.com', 'South Jenniferland', '2024-07-14'),
(17, 'Erika Kline', 'michelle23@gmail.com', 'Richardbury', '2025-03-27'),
(18, 'Kayla Chandler', 'eroberson@yahoo.com', 'Heatherborough', '2025-01-06'),
(19, 'Stephanie Payne', 'jmorales@cunningham.com', 'Annaton', '2023-12-21'),
(20, NULL, 'amandagarcia@smith-bernard.com', 'North Janet', '2025-03-13'),
(21, 'Devin Price', NULL, 'Martinton', '2024-12-06'),
(22, 'Morgan Hernandez', 'garrettjill@dillon.com', 'Andreastad', '2024-10-01'),
(23, 'Justin Smith', 'randy86@gmail.com', 'Wilsonshire', '2024-10-05'),
(24, 'Jonathan Reynolds', 'judith61@hotmail.com', 'Watsonhaven', '2025-04-19'),
(25, 'Misty Maddox', 'yhatfield@yahoo.com', 'West Thomas', '2024-09-13'),
(26, 'Kevin Espinoza', 'emaxwell@yahoo.com', 'Joshuafort', '2024-08-27'),
(27, 'Christine Richards', 'xcaldwell@thompson-schultz.com', 'Port Coreystad', '2024-07-24'),
(28, 'Luis Davis', NULL, 'Jeffreystad', '2025-03-29'),
(29, 'Mary Sanchez', 'diana55@yahoo.com', 'Port Jenniferburgh', '2024-06-12'),
(30, NULL, 'william53@gmail.com', 'New Stacyville', '2024-05-18'),
(31, 'Mrs. Virginia Thomas DDS', 'jeremylittle@yahoo.com', 'North Deborahland', '2024-11-04'),
(32, 'Brandon Foster', 'timothydiaz@stout.org', 'Butlerview', '2024-03-24'),
(33, 'Dawn Reynolds', 'troy55@ellis-henry.net', 'Port David', '2024-07-22'),
(34, 'Seth Campbell', 'nramos@hutchinson.com', 'Phillipsstad', '2024-11-28'),
(35, 'Yvette Andrews', NULL, 'Jonathanland', '2024-08-02'),
(36, 'Michelle Williams', 'lchavez@hotmail.com', 'Bakerville', '2024-09-19'),
(37, 'Candice Lowery', 'doylefernando@hotmail.com', 'Bowersfort', '2024-01-20'),
(38, 'Tammy Lopez', 'alexandria12@green-horton.com', 'Edwardchester', '2023-08-18'),
(39, 'Leah Clark', 'jefferyshaffer@acosta.net', 'Port Matthewchester', '2023-10-31'),
(40, NULL, 'richard32@hotmail.com', 'New Julie', '2024-03-31'),
(41, 'Mark Page', 'mwiley@heath.biz', 'Lake Madison', '2024-02-26'),
(42, 'John Trujillo', NULL, 'Justinmouth', '2025-01-18'),
(43, 'Michael Gardner', 'nfields@lewis-fisher.net', 'Greghaven', '2025-03-25'),
(44, 'Deborah Castaneda', 'marc51@thompson-powers.com', 'Port Benjaminview', '2025-05-25'),
(45, 'Jacqueline Travis', 'jonathan93@gmail.com', 'Karenborough', '2024-03-01'),
(46, 'Gerald Johnson', 'jordanbailey@ford-jimenez.info', 'Kevinshire', '2025-06-08'),
(47, 'Denise Davis', 'banderson@yahoo.com', 'West Bobby', '2024-01-19'),
(48, 'Rebecca Williams', 'zpierce@gmail.com', 'Patrickmouth', '2025-05-26'),
(49, 'Kathy Warner', NULL, 'Jeffreyborough', '2023-11-14'),
(50, NULL, 'ryanwilliam@gmail.com', 'Randyfurt', '2023-08-30');

INSERT INTO products (product_id, product_name, category, price, stock_quantity) VALUES
(1, 'Doctor', 'Home', 1543.17, 5),
(2, 'Market', 'Electronics', 584.93, 21),
(3, 'Mrs', 'Home', 3651.92, 14),
(4, 'Check', 'Home', 798.36, 90),
(5, 'Education', 'Home', 2261.16, 88),
(6, 'Group', 'Books', 1009.8, 83),
(7, 'Home', 'Beauty', 332.12, 2),
(8, 'Must', 'Home', 2016.39, 75),
(9, 'Rate', 'Books', 937.07, 31),
(10, 'Article', 'Books', 4897.79, 24),
(11, 'Tv', 'Home', 4303.8, 94),
(12, 'Reality', 'Beauty', 4698.91, 75),
(13, 'Business', 'Home', 245.51, 77),
(14, 'Suffer', 'Beauty', 2760.31, 91),
(15, 'Face', 'Home', 2804.61, 97),
(16, 'Mean', 'Books', 3475.22, 89),
(17, 'Person', 'Books', 2654.83, 91),
(18, 'Black', 'Beauty', 849.41, 45),
(19, 'Subject', 'Beauty', 3734.74, 15),
(20, 'Serious', 'Books', 1143.01, 86),
(21, 'Prove', 'Clothing', 2882.4, 94),
(22, 'Arrive', 'Home', 1287.36, 58),
(23, 'Very', 'Books', 1733.02, 0),
(24, 'Ready', 'Clothing', 245.8, 26),
(25, 'Course', 'Clothing', 3015.22, 44),
(26, 'Operation', 'Home', 2179.43, 99),
(27, 'Structure', 'Home', 4010.54, 78),
(28, 'Investment', 'Books', 4931.63, 2),
(29, 'Inside', 'Electronics', 1328.91, 42),
(30, 'Now', 'Clothing', 1990.14, 99),
(31, 'Field', 'Clothing', 4359.78, 85),
(32, 'Wonder', 'Electronics', 2053.07, 9),
(33, 'Eight', 'Clothing', 4256.64, 34),
(34, 'Reach', 'Electronics', 4827.85, 96),
(35, 'Agree', 'Books', 3496.88, 15),
(36, 'Skin', 'Beauty', 898.22, 62),
(37, 'Option', 'Books', 471.08, 56),
(38, 'Nearly', 'Clothing', 3399.11, 78),
(39, 'Along', 'Books', 250.08, 27),
(40, 'Difficult', 'Beauty', 4365.24, 65),
(41, 'Lot', 'Clothing', 2703.02, 44),
(42, 'Agency', 'Books', 659.69, 72),
(43, 'Live', 'Clothing', 2565.28, 43),
(44, 'Risk', 'Books', 2932.06, 75),
(45, 'Two', 'Beauty', 1870.88, 6),
(46, 'Fight', 'Books', 685.98, 81),
(47, 'Whom', 'Electronics', 4842.18, 76),
(48, 'Final', 'Electronics', 3501.35, 36),
(49, 'Significant', 'Beauty', 1194.79, 83),
(50, 'Left', 'Books', 3801.85, 52);

INSERT INTO orders (order_id, customer_id, order_date, total_amount) VALUES
(1, 6, '2024-08-29', 3216.0),
(2, 7, '2024-10-17', 7411.25),
(3, 41, '2025-06-23', 2159.32),
(4, 43, '2025-05-17', 5447.7),
(5, 8, '2024-10-02', 9014.25),
(6, 49, '2025-04-13', 4903.69),
(7, 17, '2024-07-20', 9640.29),
(8, 17, '2024-12-06', 9977.22),
(9, 5, '2025-04-06', 922.02),
(10, 34, '2024-10-12', 8346.21),
(11, 37, '2024-12-12', 4552.97),
(12, 5, '2025-02-24', 1860.98),
(13, 36, '2024-08-05', 515.51),
(14, 25, '2025-05-10', 9115.34),
(15, 30, '2025-01-29', 8402.58),
(16, 48, '2024-09-30', 2524.96),
(17, 36, '2025-03-25', 6364.86),
(18, 43, '2024-10-14', 3206.95),
(19, 42, '2025-04-11', 2424.53),
(20, 5, '2024-08-29', 1676.7),
(21, 11, '2024-07-15', 1056.1),
(22, 7, '2025-02-14', 8255.21),
(23, 34, '2024-09-16', 2564.15),
(24, 17, '2025-05-26', 6734.16),
(25, 37, '2025-04-12', 3020.32),
(26, 38, '2024-12-16', 3459.81),
(27, 49, '2024-10-18', 5521.74),
(28, 11, '2025-01-02', 4116.78),
(29, 24, '2024-09-10', 8903.69),
(30, 36, '2024-11-08', 618.49),
(31, 49, '2025-04-03', 5479.06),
(32, 11, '2025-01-24', 6768.48),
(33, 9, '2024-11-07', 2651.63),
(34, 7, '2025-03-21', 944.45),
(35, 39, '2024-07-11', 7251.16),
(36, 5, '2024-12-24', 9889.87),
(37, 22, '2024-08-07', 2746.03),
(38, 42, '2025-04-14', 3398.87),
(39, 21, '2024-09-12', 1320.53),
(40, 49, '2025-03-24', 3903.85),
(41, 26, '2025-03-01', 702.51),
(42, 47, '2024-07-16', 2580.15),
(43, 8, '2024-11-18', 557.58),
(44, 35, '2025-03-05', 2688.15),
(45, 1, '2024-11-18', 6557.59),
(46, 9, '2025-04-26', 2468.3),
(47, 5, '2025-03-14', 8389.19),
(48, 49, '2024-07-26', 9794.3),
(49, 34, '2024-08-09', 2727.61),
(50, 35, '2024-07-30', 4761.3);

INSERT INTO order_items (order_item_id, order_id, product_id, quantity, item_price) VALUES
(1.0, 5.0, 18.0, 5.0, 4365.8),
(2.0, 2.0, 43.0, 4.0, 3243.7),
(3.0, 32.0, 27.0, 4.0, 2556.45),
(4.0, 4.0, 7.0, 3.0, 1720.72),
(5.0, 1.0, 35.0, 2.0, 4114.92),
(6.0, 29.0, 16.0, 4.0, 2818.07),
(7.0, 10.0, 48.0, 1.0, 2937.56),
(8.0, 5.0, 16.0, 1.0, 2892.16),
(9.0, 42.0, 30.0, 1.0, 129.85),
(10.0, 1.0, 35.0, 1.0, 3046.91),
(11.0, 21.0, 30.0, 5.0, 3552.83),
(12.0, 10.0, 23.0, 2.0, 498.24),
(13.0, 3.0, 44.0, 4.0, 1599.13),
(14.0, 31.0, 5.0, 1.0, 1820.51),
(15.0, 36.0, 15.0, 1.0, 2730.62),
(16.0, 34.0, 39.0, 4.0, 661.34),
(17.0, 8.0, 50.0, 2.0, 3625.09),
(18.0, 4.0, 37.0, 1.0, 1314.65),
(19.0, 47.0, 46.0, 2.0, 1073.54),
(20.0, 22.0, 49.0, 5.0, 827.71),
(21.0, 24.0, 46.0, 4.0, 995.93),
(22.0, 26.0, 23.0, 3.0, 2002.84),
(23.0, 35.0, 7.0, 3.0, 3462.64),
(24.0, 45.0, 19.0, 2.0, 2725.55),
(25.0, 32.0, 36.0, 4.0, 2497.95),
(26.0, 14.0, 23.0, 4.0, 311.69),
(27.0, 32.0, 27.0, 3.0, 3469.11),
(28.0, 9.0, 12.0, 4.0, 328.3),
(29.0, 12.0, 36.0, 5.0, 1834.41),
(30.0, 8.0, 18.0, 4.0, 1502.42),
(31.0, 3.0, 11.0, 4.0, 401.97),
(32.0, 47.0, 39.0, 4.0, 348.92),
(33.0, 5.0, 41.0, 3.0, 4964.33),
(34.0, 37.0, 48.0, 4.0, 1563.28),
(35.0, 41.0, 11.0, 2.0, 3981.04),
(36.0, 17.0, 34.0, 5.0, 2258.07),
(37.0, 7.0, 1.0, 4.0, 2589.97),
(38.0, 27.0, 16.0, 4.0, 1492.73),
(39.0, 30.0, 17.0, 4.0, 4272.49),
(40.0, 15.0, 5.0, 1.0, 2765.62),
(41.0, 48.0, 26.0, 3.0, 3934.02),
(42.0, 29.0, 16.0, 5.0, 149.85),
(43.0, 5.0, 29.0, 5.0, 4259.61),
(44.0, 35.0, 5.0, 4.0, 2562.98),
(45.0, 50.0, 7.0, 3.0, 2336.69),
(46.0, 16.0, 33.0, 4.0, 4151.96),
(47.0, 29.0, 4.0, 5.0, 1175.09),
(48.0, 3.0, 1.0, 4.0, 1713.59),
(49.0, 30.0, 49.0, 4.0, 622.94),
(50.0, 34.0, 39.0, 3.0, 4815.0);

INSERT INTO payments (payment_id, order_id, payment_date, payment_method, payment_status) VALUES
(1, 26, '2025-05-21', 'Credit Card', 'Failed'),
(2, 25, '2024-12-09', 'UPI', 'Pending'),
(3, 36, '2024-10-06', 'Net Banking', 'Pending'),
(4, 5, '2025-03-29', 'Credit Card', 'Pending'),
(5, 36, '2025-06-28', 'Cash', 'Failed'),
(6, 23, '2024-11-09', 'Cash', 'Failed'),
(7, 49, '2025-05-18', 'Cash', 'Failed'),
(8, 34, '2024-11-01', 'Credit Card', 'Failed'),
(9, 28, '2024-08-04', 'UPI', 'Failed'),
(10, 10, '2024-08-20', 'Credit Card', 'Success'),
(11, 20, '2024-12-26', 'Cash', 'Pending'),
(12, 37, '2025-05-28', 'Net Banking', 'Pending'),
(13, 15, '2024-07-19', 'Credit Card', 'Pending'),
(14, 50, '2025-05-12', 'Credit Card', 'Pending'),
(15, 38, '2025-04-17', 'Net Banking', 'Pending'),
(16, 47, '2025-04-18', 'UPI', 'Pending'),
(17, 47, '2025-06-24', 'Net Banking', 'Pending'),
(18, 1, '2025-02-14', 'Net Banking', 'Failed'),
(19, 48, '2025-06-29', 'UPI', 'Pending'),
(20, 8, '2025-03-06', 'UPI', 'Success'),
(21, 16, '2025-06-03', 'UPI', 'Failed'),
(22, 47, '2024-12-25', 'Cash', 'Pending'),
(23, 49, '2024-11-27', 'UPI', 'Success'),
(24, 33, '2025-04-03', 'UPI', 'Pending'),
(25, 48, '2024-08-17', 'Cash', 'Success'),
(26, 17, '2024-08-17', 'Cash', 'Failed'),
(27, 49, '2024-08-09', 'Cash', 'Failed'),
(28, 19, '2025-02-06', 'Net Banking', 'Pending'),
(29, 19, '2024-12-01', 'Net Banking', 'Pending'),
(30, 28, '2024-11-22', 'UPI', 'Failed'),
(31, 50, '2024-08-09', 'Credit Card', 'Failed'),
(32, 23, '2025-05-02', 'Credit Card', 'Success'),
(33, 43, '2024-07-20', 'Net Banking', 'Pending'),
(34, 50, '2024-12-24', 'UPI', 'Pending'),
(35, 50, '2025-03-01', 'Credit Card', 'Pending'),
(36, 2, '2025-04-05', 'Cash', 'Success'),
(37, 21, '2024-10-05', 'Cash', 'Pending'),
(38, 17, '2024-12-02', 'Cash', 'Pending'),
(39, 43, '2025-03-29', 'UPI', 'Failed'),
(40, 44, '2024-11-09', 'Credit Card', 'Failed'),
(41, 46, '2025-06-08', 'UPI', 'Success'),
(42, 18, '2024-07-27', 'UPI', 'Success'),
(43, 44, '2025-02-01', 'Credit Card', 'Pending'),
(44, 22, '2025-06-06', 'Credit Card', 'Failed'),
(45, 29, '2025-01-27', 'UPI', 'Failed'),
(46, 39, '2025-02-14', 'Cash', 'Pending'),
(47, 41, '2025-06-30', 'Credit Card', 'Pending'),
(48, 3, '2025-06-19', 'Credit Card', 'Failed'),
(49, 11, '2024-12-03', 'Net Banking', 'Pending'),
(50, 11, '2024-07-12', 'Credit Card', 'Pending');


select * from orders; 

select * from order_items ;

select * from payments ;




